product_name,category,reviews,avg_rating,pct_positive,pct_negative,avg_price
"cello Pack of 18 Opalware Cello Dazzle Lush Fiesta Opalware Dinner Set, 18 Pieces Dinner Set (White, Microwave Safe)",Kitchen & Dining,6951,4.3,82.5,8.2,1299.0
"MILTON Thermosteel Flip Lid 500 ml Flask (Pack of 1, Silver, Steel)",Kitchen & Dining,5941,4.35,85.0,8.3,648.0
"Home Sizzler 153 cm (5.02 ft) Polyester Room Darkening Window Curtain (Pack Of 2) (Floral, Brown)",Home Decor & Furnishing,3181,4.44,87.2,4.8,299.0
Mi 5A 80 cm (32 inch) HD Ready LED Smart Android TV with Dolby Audio (2022 Model),Electronics & Accessories,2154,4.14,80.5,12.2,13999.0
"CMerchants Multi Organiser BLue-4 Book Shelf Metal Open Book Shelf (Finish Color - BLUE, DIY(Do-It-Yourself))",Home Decor & Furnishing,2049,4.01,74.1,13.6,625.0
"Kadio Analog 20 cm X 20 cm Wall Clock (Beige, With Glass, Standard)",Home Decor & Furnishing,1934,3.9,70.5,18.1,225.0
"Cosito 144 TC Cotton Double Floral Flat Bedsheet (Pack of 1, Red, White)",Home Decor & Furnishing,1884,4.05,74.9,14.0,339.0
Singer FM 1409 Electric Sewing Machine ( Built-in Stitches 9),Appliances,1835,4.34,85.3,7.7,8499.0
"Canon EOS 3000D DSLR Camera 1 Camera Body, 18 - 55 mm Lens (Black)",Electronics & Accessories,1734,4.47,89.0,5.8,30999.0
"NIVIA Storm Football - Size: 5 (Pack of 1, Multicolor)",Sports & Fitness,1672,4.06,76.9,16.4,429.0
"POCO C31 (Royal Blue, 64 GB) (4 GB RAM)",Electronics & Accessories,1633,3.9,72.3,19.0,7499.0
"Mi 3i 10000 mAh Power Bank (Fast Charging, 18W) (Blue, Lithium Polymer)",Electronics & Accessories,1612,4.16,80.2,13.4,1149.0
"Pigeon Favourite Electric Kettle (1.5 L, Silver, Black)",Appliances,1560,3.77,68.7,21.9,699.0
Google Nest Mini (2nd Gen) with Google Assistant Smart Speaker (Chalk),Electronics & Accessories,1550,3.98,74.1,18.3,3499.0
LA VERNE Microfibre Stripes Cushion Pack of 3 (White),Home Decor & Furnishing,1529,4.31,82.9,7.5,379.0
Men Cargos,Fashion & Apparel,1519,3.46,57.4,29.3,426.0
"SAMSUNG 253 L Frost Free Double Door 3 Star Refrigerator (Elegant Inox, RT28A3453S8/HL)",Appliances,1508,4.5,90.1,4.8,24490.0
SAMSUNG EVO Plus 64 GB MicroSDXC Class 10 95 MB/s Memory Card (With Adapter),Electronics & Accessories,1486,4.38,86.4,7.1,649.0
MarQ by Flipkart 18-Litre 18L1200W4HL Oven Toaster Grill (OTG) with 4 Skewers and Crumb Tray (Black),Appliances,1484,4.4,87.0,6.7,2499.0
"HAIR & CARE Triple Blend Damage Repair Non-Sticky Hair Oil with Aloe Vera, For Dry, Rough, & Frizzy Hair, Hair Oil (400 ml)",Other,1477,4.65,92.5,2.6,113.0
"BAJAJ 15 L Storage Water Geyser (Popular Plus 15 L, White)",Appliances,1465,4.19,81.8,11.2,5499.0
AGARO Regal Hand-held Vacuum Cleaner (Black),Personal Care & Cleaning,1464,4.09,77.5,13.7,1599.0
Bajaj DX 2 L/W Dry Iron,Appliances,1399,4.17,78.8,10.9,529.0
"boAt Wave Neo with 1.69 inch , 2.5D Curved Display & Multiple Sports Modes Smartwatch (Burgundy Strap, Free Size)",Electronics & Accessories,1372,3.95,73.2,18.0,1699.0
"RIAN Animal Single Mink Blanket for Mild Winter (Polyester, Brown, Grey)",Home Decor & Furnishing,1189,4.12,76.9,13.1,599.0
"PHILIPS MMS8085B/94 Convertible 80 W Bluetooth Home Theatre (Black, 2.1 Channel)",Electronics & Accessories,1171,4.16,79.6,14.0,6999.0
"Crompton 75 L Desert Air Cooler (White, Teal, ACGC-DAC751)",Appliances,1125,4.06,76.4,13.9,9999.0
Thomson Alpha 80 cm (32 inch) HD Ready LED Smart Linux TV with 30 W Sound Output & Bezel-Less Design (32Alpha007BL),Electronics & Accessories,1080,4.48,89.1,6.2,7999.0
"VICTORY Professional Wrist Wrap Band , Wrist Strap For Gym and Fitness Wrist Support",Sports & Fitness,1069,4.49,89.2,4.4,109.0
Men Graphic Print Round Neck Black T-Shirt,Fashion & Apparel,1066,3.22,50.8,36.7,269.0
Men Regular Fit Black Cotton Blend Trousers,Fashion & Apparel,1039,3.64,61.8,24.3,409.0
APPLE iPad (9th Gen) 64 GB ROM 10.2 inch with Wi-Fi Only (Space Grey),Electronics & Accessories,1011,4.68,93.7,3.6,29990.0
"CLOTHOLOGY 144 TC Cotton Double Printed Flat Bedsheet (Pack of 1, Green)",Home Decor & Furnishing,967,3.9,71.1,18.0,329.0
"BAJAJ Crest Neo 1200 mm 3 Blade Ceiling Fan (White, Pack of 1)",Appliances,936,3.95,73.6,17.0,1329.0
"SportSoul Cotton Gym & Athletic Abdomen Support (Grey, Black)",Sports & Fitness,928,3.98,71.8,16.3,249.0
"FLIPZON Baby 6 Shelve Unbreakable Material PVC Collapsible Wardrobe (Finish Color - Pink, DIY(Do-It-Yourself))",Home Decor & Furnishing,900,4.37,85.8,6.9,1095.0
"Butterfly Rapid Plus 750 W Mixer Grinder (5 Jars, Ink Blue)",Appliances,871,4.05,78.3,15.7,3399.0
Seagate One Touch with Password Protection for Windows & Mac with 3 years Data Recovery Services - Portable 2 TB External Hard Disk Drive (HDD) (Light Blue),Electronics & Accessories,854,4.33,85.0,9.4,5599.0
"Pack of 2 Solid Men Dark Grey, Grey Casual Shorts",Fashion & Apparel,849,4.12,77.4,11.0,319.0
Printed Men Three Fourths,Fashion & Apparel,810,4.01,74.0,12.7,381.0
Tanunni Mobile Holder Mobile Holder,Electronics & Accessories,809,4.39,85.4,5.6,171.0
"Prestige Plus Atlas 750 W Juicer Mixer Grinder (4 Jars, Blue, White)",Appliances,801,3.97,73.9,17.0,3249.0
"Flipkart SmartBuy CFXB18 Electric Rice Cooker (1.8 L, White, Blue)",Appliances,789,3.95,73.0,16.6,1599.0
"TP-Link Archer C20 AC WiFi 750 MBPS Wireless Router (Blue, Dual Band)",Appliances,766,4.2,80.2,12.3,1599.0
"MAHARAJA WHITELINE 65 L Desert Air Cooler (White, Grey, Rambo Grey / AC-303)",Appliances,758,4.11,78.9,12.4,7999.0
"APPLE 2020 Macbook Air M1 - (8 GB/256 GB SSD/Mac OS Big Sur) MGN93HN/A (13.3 inch, Silver, 1.29 kg)",Electronics & Accessories,747,4.78,96.0,2.5,86990.0
"NIVEA Soft Light Moisturizer for Face, Hand & Body, Non-Sticky Cream with Vitamin E & Jojoba Oil (100 ml)",Personal Care & Cleaning,737,4.41,86.2,6.9,142.0
Catvision CSR-401HP WIFI Media Streaming Device (Black),Electronics & Accessories,727,3.53,60.5,28.9,1550.0
Dettol Effective Protection Antiseptic Liquid (1000 ml),Personal Care & Cleaning,712,4.56,90.2,3.8,349.0
Men LPMXT-800 Grey Clogs Sandal,Fashion & Apparel,682,4.01,74.9,15.5,519.0
Bajaj GX1 500 W Mixer Grinder,Appliances,674,3.91,73.6,19.9,2299.0
"BAJAJ 17 L Solo Microwave Oven (1701MT, White)",Appliances,654,4.5,90.4,4.6,4498.0
"Mivi Fort S24 Soundbar with FM Mode and 2 full range drivers, Made in India 24 W Bluetooth Soundbar (Black, 2.0 Channel)",Electronics & Accessories,653,3.98,73.5,18.4,1999.0
"Men 9325 Latest Collection Stylish Sports Sneakers Running Shoes Running Shoes For Men (Red, Black)",Fashion & Apparel,642,3.36,53.9,34.0,299.0
WD 1.5 TB Wired External Hard Disk Drive (HDD) (Black),Electronics & Accessories,642,4.14,79.4,13.9,4449.0
Men Black Sandal,Fashion & Apparel,619,2.84,40.4,48.3,299.0
"Haier 6.5 kg 5 star Ariel Wash Fully Automatic Top Load Brown, Grey (HWM65-FE)",Appliances,616,4.3,83.9,8.9,12990.0
HP 680 Black Ink Cartridge,Electronics & Accessories,614,3.99,75.2,17.4,852.0
"Flipkart SmartBuy CFXB15 Electric Rice Cooker (1.5 L, White)",Appliances,604,3.96,73.5,14.6,1499.0
"Butterfly Rapid 750 W Juicer Mixer Grinder (4 Jars, Black)",Appliances,599,3.5,63.1,31.7,2999.0
"PHILIPS HR1832/00 500 W Juicer (1 Jar, Ink Black)",Appliances,597,4.38,87.1,7.9,6498.0
MamaEarth Skin Illuminate Face Serum for Radiant Skin with Vitamin C & Turmeric (15 ml),Personal Care & Cleaning,569,3.84,68.5,20.6,314.0
MOTOROLA 8 kg Smart Wi-Fi Enabled Inverter Technology Fully Automatic Top Load Grey (80TLIWBM5DG),Appliances,566,4.2,82.0,11.3,16990.0
Men Casual Brown Artificial Leather Wallet - Mini (5 Card Slots),Fashion & Apparel,538,4.17,77.7,10.8,199.0
"I Kall IK22 40 W Bluetooth Home Theatre (Black, 2.1 Channel)",Electronics & Accessories,509,3.54,59.9,26.9,1549.0
Hindware Ripple 90 Auto Clean Wall Mounted Chimney (Black 1350 CMH),Appliances,493,4.2,82.8,12.0,14299.0
"UPC Upgraded Hands Free Squeeze Microfiber Flat Spin Mop 360° Flexible Head - Green Mop Set, Bucket",Personal Care & Cleaning,487,4.02,74.1,18.3,1260.0
Aero Seeds 40 Varieties of Flower Combo Pack Seed (2050 per packet),Toys & Garden,486,3.95,75.3,18.5,194.0
MarQ by Flipkart 8 kg 5 Star Engineered with Panasonic Technology Fully Automatic Top Load Grey (MQFA80J5LG),Other,470,4.23,82.8,9.8,14790.0
Greenery Hub Home Garden Flowers Seeds 40 Varieties Seeds Combo With Instruction Manual Seed (40 per packet),Toys & Garden,463,3.44,56.6,31.3,152.0
"Thomson Kitchen Master Pro+ MX03 750 W Juicer Mixer Grinder (6 Jars, Grey)",Appliances,458,3.95,74.9,17.0,2709.0
KENT Ace Extra/ Ace Alkaline 8 L RO + UV + UF + TDS Control + Alkaline + UV in Tank Water Purifier with Alkaline Water (White),Appliances,454,4.04,76.0,17.8,15999.0
Flipkart SmartBuy ISI Mark Shock-Proof & Water-Proof 1500 W Immersion Heater Rod (Water),Appliances,432,4.15,80.8,11.1,405.0
V-Guard Prime 1150 Pure Sine Wave Inverter,Appliances,420,4.4,88.3,6.9,6591.0
"D-Link DIR-615 Wireless N 300 Router (Black, Single Band)",Electronics & Accessories,416,4.07,80.3,14.7,899.0
Eurodomo Hood Indigo PRO HC SC FL BK 60 Auto Clean Wall Mounted Chimney (Black 1200 CMH),Appliances,414,4.35,86.2,8.9,7599.0
Butterfly Rapid Plus Wet Grinder with Coconut Scraper (Blue) (Ink Blue),Appliances,408,3.9,72.1,17.4,4199.0
"HP Pavilion Ryzen 5 Hexa Core AMD R5-5600H - (8 GB/512 GB SSD/Windows 10/4 GB Graphics/NVIDIA GeForce GTX 1650/144 Hz) 15-ec2004AX Gaming Laptop (15.6 inch, Shadow Black, 1.98 kg)",Electronics & Accessories,404,4.38,85.4,6.9,59990.0
"SAMSUNG 28 L Convection & Grill Microwave Oven (MC28A5013AK, Black)",Appliances,401,4.21,80.8,10.2,10890.0
LUMINOUS ZELIO+ 1100/12V (E-comm) Pure Sine Wave Inverter,Appliances,400,4.15,80.3,11.8,7299.0
EUREKA FORBES Trendy Zip Dry Vacuum Cleaner with Reusable Dust Bag (Red & Black),Personal Care & Cleaning,398,3.73,66.1,22.1,2799.0
"Mivi Fort S16 Soundbar with 2 full range drivers, Made in India 16 W Bluetooth Soundbar (Black, 2.0 Channel)",Electronics & Accessories,396,4.46,86.6,8.6,1499.0
Microtek MTKAC90H Super Power Digital UPS Model 900 (12V) DG 800VA Square Wave Inverter,Appliances,393,4.06,77.4,15.3,5079.0
LIVPURE LIV-PEP-PRO-PLUS+ 7 L RO + UV + UF Water Purifier with Taste Enhancer (White),Appliances,390,4.48,90.3,4.4,8199.0
"boAt 18W Power WCD QC3A Charger combo Compatible with Vivo,Oppo,Gionee,Xiomi,Redmi,realme,infinix,POCO,iphone,Samsung,Mi devices (Type C - Cable Included) (White, Cable Included)",Electronics & Accessories,387,3.7,67.4,25.6,449.0
"Home Sizzler 214 cm (7.02 ft) Polyester Semi Transparent Door Curtain (Pack Of 2) (Floral, Brown)",Home Decor & Furnishing,381,4.48,89.0,4.2,399.0
"Dallao Waterproof Remote Controlled Rock Crawler RC Monster Car With Wheel Remote , 4 Wheels , 1 Stepnee, , 1:20 scale (Multicolor)",Toys & Garden,379,3.18,50.9,37.7,980.0
SportSoul Cotton Gym & Athletic Abdomen Support (Blue),Sports & Fitness,376,3.78,65.4,20.5,347.0
"ASUS TUF Gaming F15 Core i5 10th Gen - (8 GB/512 GB SSD/Windows 11 Home/4 GB Graphics/NVIDIA GeForce GTX 1650/144 Hz) FX506LHB-HN358W Gaming Laptop (15.6 inch, Black Plastic, 2.30 kg kg)",Electronics & Accessories,375,4.45,89.6,6.1,58990.0
"METRO LIVING 104 TC Cotton Double Animal Flat Bedsheet (Pack of 1, Pink)",Home Decor & Furnishing,372,3.77,68.3,21.2,409.0
Pureit Advanced Plus RO+MF+MP 7 L RO + MF Water Purifier (Black),Appliances,371,4.55,90.6,6.5,7799.0
Men Slim Fit Black Cotton Blend Trousers,Fashion & Apparel,368,3.35,54.9,32.3,499.0
Butterfly Rhino Plus Wet Grinder (Grey),Appliances,366,3.97,76.5,16.1,5299.0
"IFB 23 L Convection Microwave Oven (23SC3, Silver)",Appliances,360,4.55,91.4,4.2,9499.0
"Men Formal, Casual Blue Artificial Leather Wallet - Regular Size (8 Card Slots)",Fashion & Apparel,359,4.2,78.8,9.5,280.0
Inalsa Fiesta Lx 650 W Food Processor (White),Appliances,355,3.57,63.7,28.2,5039.0
MANGALAM Camphor Tablet 100g Jar - Pack of 1,Kitchen & Dining,355,4.37,83.7,7.9,195.0
realme Pad X 6 GB RAM 128 GB ROM 11 inch with Wi-Fi+5G Tablet (Glowing Grey),Electronics & Accessories,333,4.32,86.2,9.0,27999.0
MarQ by Flipkart 33-Litre 33AOTMQB Oven Toaster Grill (OTG) with 4 Skewers and Inbuilt light (Black),Appliances,333,4.27,84.1,9.9,3499.0
"Noise ColorFit Icon 2 1.8 Display, Bluetooth Calling, AI Voice Assistance Smartwatch (Blue Strap, Regular)",Electronics & Accessories,332,4.3,83.4,10.2,2199.0
NOVA Submersible NIH 430-05 1500 W Immersion Heater Rod (Water),Appliances,327,4.17,78.6,9.8,494.0
"Furnifry Wooden TV Entertainment Unit/Wall Set Top Box Shelf Stand/TV Cabinet for Wall Engineered Wood TV Entertainment Unit (Finish Color - White and Walnut, DIY(Do-It-Yourself))",Electronics & Accessories,305,3.97,73.8,17.7,2969.0
Hindware Nevio Plus 60 Auto Clean Wall Mounted Chimney (Black 1400 CMH),Appliances,305,4.55,92.8,3.3,13999.0
"Furnifry Wooden Wall Mounted TV Entertainment Unit/TV Stand/TV Cabinet/Set-Top Box Stand Engineered Wood TV Entertainment Unit (Finish Color - Grey and White, DIY(Do-It-Yourself))",Electronics & Accessories,305,3.97,73.8,17.7,2970.0
"MSI Core i5 11th Gen - (8 GB/512 GB SSD/Windows 10 Home/4 GB Graphics/NVIDIA GeForce RTX 3050/144 Hz) GF63 Thin 11UC-867IN Gaming Laptop (15.6 Inch, Black, 1.86 Kg)",Electronics & Accessories,304,4.47,90.8,5.6,63600.0
"Tankit 360 degree Spin Mop With 6 Refills, Durable Bucket With Extendable Handle- For Perfect Cleaning Mop Set, Mop Mop, Bucket, Mop Refill",Personal Care & Cleaning,303,3.59,61.4,26.4,799.0
"CMerchants BOOK SHELF-5RACK Metal Open Book Shelf (Finish Color - BLUE, DIY(Do-It-Yourself))",Home Decor & Furnishing,301,4.01,76.4,15.3,699.0
SSTOYS 3D Fast Modern Car (Multicolor),Toys & Garden,301,3.19,50.5,37.2,260.0
"limraz furniture L 56 Engineered Wood Study Table (Free Standing, Finish Color - brown, Pre-assembled)",Home Decor & Furnishing,300,3.48,63.3,31.0,1298.0
Google Chromecast 3 Media Streaming Device (Black),Electronics & Accessories,300,4.16,79.0,16.0,2651.0
AutoKraftZ Most Popular Sun UV Protection Arm Sleeves for Men Women Cycling Gloves (Black),Fashion & Apparel,298,4.06,76.2,15.8,79.0
realme Pad X 6 GB RAM 128 GB ROM 11 inch with Wi-Fi+5G Tablet (Glacier Blue),Electronics & Accessories,297,4.32,86.5,8.8,27999.0
"ASUS VivoBook 15 (2022) Core i3 10th Gen - (8 GB/512 GB SSD/Windows 11 Home) X515JA-EJ362WS | X515JA-EJ392WS Thin and Light Laptop (15.6 inch, Transparent Silver, 1.80 kg, With MS Office)",Electronics & Accessories,297,4.12,80.1,13.8,33990.0
"S . K Store Carbon Steel Collapsible Wardrobe (Finish Color - Black, DIY(Do-It-Yourself))",Kitchen & Dining,297,3.1,47.1,40.4,655.0
BAJAJ Fx11 Food Factory 600 W Food Processor (White),Appliances,297,3.86,71.4,17.5,6525.0
"LEADER TORFIN 26T MTB Bicycle without Gear Single Speed with FS DD Brake 26 T Mountain Cycle (Single Speed, Black, Green)",Sports & Fitness,293,4.42,86.0,8.5,6499.0
HP 678 Black Ink Cartridge,Electronics & Accessories,291,3.85,71.1,23.0,809.0
"Furnifry Wooden Wall Mounted TV Stand/TV Entertainment Unit/TV Cabinet with Utility Shelves for Set-Top Box & Decorative Objects/Set-Top Box Stand/Ideal for Up to 42""- Accessories Included Engineered Wood TV Entertainment Unit (Finish Color - Black and Brown, DIY(Do-It-Yourself))",Electronics & Accessories,291,3.99,74.6,17.2,2969.0
"Simple Trending PP Collapsible Wardrobe (Finish Color - Navyblue, DIY(Do-It-Yourself))",Home Decor & Furnishing,290,3.09,45.9,37.9,549.0
HERSHEY'S Cocoa Powder,Other,289,4.44,87.2,6.6,231.0
CREZON Magic Dry Bucket Mop - 360 Degree Self Spin Wringing With 3 Super Absorbers for Home & Office Floor Mop Set (Multicolor),Personal Care & Cleaning,288,3.63,66.0,27.4,799.0
"Hillgrove 10in1 Basic 25W Soldering Iron Kit with 5 Meter Solder Wire, Cutter, Stand, Flux, Bit, Tape, Tester, Tweezer, Wick 25 W Simple (Flat, Pointed Tip)",Appliances,288,4.28,79.9,8.7,267.0
"Mi 22.5W Quick Charger combo for Mi,Redmi,Xiomi devices (Type C- Cable Included) (White)",Electronics & Accessories,288,4.44,86.8,4.5,649.0
"Pureit Max Water Saver 10 L RO + UV + MF Water Purifier with Eco Recovery Technology (Black, White)",Appliances,288,4.0,75.3,20.1,13999.0
sanyasi ayurveda Sanyasi Sehat Tablet - Ayurvedic Medicine For Weight Gain,Home Decor & Furnishing,288,3.75,68.8,26.0,699.0
"Infinix 10W Quick Charger combo for Infinx devices (MicroUSB - Cable Included) (White, Cable Included)",Electronics & Accessories,286,3.99,72.7,17.8,449.0
"VERMI COMPOST 10 Kg of Pure Natural ORGANIC Cow Dung Dry Manure Powder Manure Potting Mixture, Soil, Fertilizer (10 kg, Powder)",Other,284,2.63,35.9,53.9,95.0
"LG 20 L Solo Microwave Oven (MS2043DB, Black)",Appliances,284,4.35,87.3,8.1,5990.0
"Goodrik 140 TC Cotton Double 3D Printed Flat Bedsheet (Pack of 1, Brown)",Home Decor & Furnishing,284,3.48,58.8,28.9,229.0
"thos 5 Layer Simple Bookshelf/Multipurpose Rack/Children Bookcases/File Rack for Office/Storage Organizer/Cabinet Shelves for Bedroom Office Living Room Metal Open Book Shelf (Finish Color - Grey, DIY(Do-It-Yourself))",Home Decor & Furnishing,284,3.38,56.7,32.0,799.0
"FLIPZON Baby 6 Shelve Unbreakable Material PVC Collapsible Wardrobe (Finish Color - Blue, DIY(Do-It-Yourself))",Home Decor & Furnishing,283,4.33,85.2,7.8,1095.0
"LEADER Scout 26T SEA Blue BLACK for Ride 26 T Mountain Cycle (Single Speed, Blue, Black)",Sports & Fitness,283,4.06,74.6,15.2,4499.0
"Furnifry Wooden TV Entertainment Unit/Wall Set Top Box Shelf Stand/TV Unit Bedroom/ Engineered Wood TV Entertainment Unit (Finish Color - Black and Walnut, DIY(Do-It-Yourself))",Electronics & Accessories,282,3.96,74.1,18.1,2969.0
"GLOBAL GREEN Dragon Tree (Hybrid, Pack of 5)",Other,281,2.98,45.2,43.1,154.0
"Apple 20W ,USB-C Power Charging Adapter for iPhone, iPad & AirPods (White)",Electronics & Accessories,279,4.39,87.1,9.7,1899.0
"SHF Cotton Door Mat (Multicolor, Medium, Pack of 5)",Fashion & Apparel,276,4.29,84.4,7.2,194.0
Spotzero by Milton Prime Spin Mop,Personal Care & Cleaning,275,4.37,84.4,6.5,1299.0
Men Casual Brown Artificial Leather Money Clip - Mini (8 Card Slots),Fashion & Apparel,274,4.35,82.5,6.2,159.0
Self Design Men Three Fourths,Fashion & Apparel,274,3.98,71.2,15.0,500.0
"CAPIO ART GEOMETRIC multipurpose design Wood Key Holder (8 Hooks, Brown)",Home Decor & Furnishing,274,4.03,74.1,13.5,169.0
Aero Seeds Aero Seeds 45 Varieties 2700+ seeds(Organic/Hybrid) Fruits & Vegetables Seed with Start your own Garden. Seed (4000 per packet),Toys & Garden,272,3.57,62.1,27.6,184.0
"Atomberg Renesa 1200 mm BLDC Motor with Remote 3 Blade Ceiling Fan (Ivory & Black, Pack of 1)",Appliances,271,3.86,72.3,21.4,3569.0
"Synthetic Leather |Lightweight|Comfort|Summer|Trendy|Walking|Outdoor|Daily Use Sneakers For Men (White, Black, Red)",Fashion & Apparel,270,3.83,68.5,19.6,359.0
"MamaEarth Skin Illuminate Face Cream, for skin brightening, with Vitamin C and Turmeric (80 g)",Personal Care & Cleaning,270,4.11,77.0,14.4,237.0
"SAMSUNG 198 L Direct Cool Single Door 4 Star Refrigerator with Base Drawer (Camellia Blue, RR21T2H2XCU/HL)",Appliances,267,4.15,79.8,17.6,16490.0
Microtek MTKBD11S Pure Sine Wave Inverter Pure Sine Wave Inverter,Appliances,261,4.25,83.9,11.1,6195.0
"Revital Men Multivitamin with Calcium, Zinc & Ginseng for Immunity, Strong Bones & Energy (30 Capsules)",Fashion & Apparel,258,4.34,84.5,8.1,240.0
"KENT Ace 8 L RO + UV + UF + TDS Water Purifier with Mineral ROTM Technology,In-tank UV Disinfection (White)",Appliances,256,3.91,73.8,18.0,14299.0
"realme TechLife 7.5 kg 5 Star Rating Semi Automatic Top Load Black, Grey (RMSA755NNNDG)",Electronics & Accessories,255,3.97,74.5,19.2,8490.0
"Pack of 2 Solid Men Black, Blue Casual Shorts",Fashion & Apparel,252,4.3,83.7,7.9,319.0
LS2734 Wolf Gents Exclusive Mesh Strap Analog Analog Watch - For Men,Electronics & Accessories,251,4.23,81.7,10.4,209.0
RedShell High Quality 2000 W Shock Proof Immersion Heater Rod (Water),Appliances,249,4.29,81.5,4.0,290.0
APPLE iPad (9th Gen) 64 GB ROM 10.2 inch with Wi-Fi Only (Silver),Electronics & Accessories,249,4.67,92.4,4.8,29990.0
Hindware Ripple 90 Auto Clean Wall Mounted Chimney (Inox 1350 CMH),Appliances,248,4.28,84.3,9.3,14299.0
Microtek MTKAA70H Microtek EB 700 Square Wave Inverter,Appliances,248,4.19,79.0,12.1,4199.0
"SHF Cotton Floor Mat (Multicolor, Medium, Pack of 5)",Fashion & Apparel,246,4.22,80.1,8.1,199.0
"Mi 4A Wireless MU-MIMO Gigabit 1200 Mbps Router (White, Dual Band)",Electronics & Accessories,246,3.91,72.8,19.9,1565.0
"BAJAJ 3 L Instant Water Geyser (Ivora/ flora, White)",Appliances,245,3.8,71.0,22.9,2599.0
Solid Men Three Fourths,Fashion & Apparel,244,3.18,50.0,38.1,606.0
"boAt Aavante Bar 2000 160 W Bluetooth Soundbar (Premium Black, 2.1 Channel)",Electronics & Accessories,239,4.37,87.4,5.4,9999.0
Men Graphic Print Round Neck White T-Shirt,Fashion & Apparel,239,3.38,53.6,33.1,269.0
mCaffeine Coffee Hydrating Face Serum for Glowing Skin with Vitamin E for Sun Protection (40 ml),Personal Care & Cleaning,236,4.19,79.2,13.6,549.0
AGARO Imperial Slow Juicer_ 240 Juicer (Grey),Appliances,232,4.54,90.9,4.7,12999.0
"Mivi Fort S100 with 2 in-built subwoofers, Made in India 100 W Bluetooth Soundbar (Black, 2.2 Channel)",Electronics & Accessories,230,4.06,75.2,17.8,4999.0
Hamlay by SIGRI-WALA Pack of 40 Melamin Red Marigold Dinner Set (Multicolor),Kitchen & Dining,228,4.59,93.0,2.6,1299.0
TW0TG7304 Analog Watch - For Men,Electronics & Accessories,224,4.46,90.2,7.1,649.0
Mayne Flying Remote Control RC Induction Type 2-in-1 Indoor Outdoor Helicopter (Multicolor),Toys & Garden,214,2.97,44.4,43.9,369.0
"TITIRANGI 4 Pack 4WD Monster Truck Cars,Push and Go Toy Trucks Friction Powered Cars 4 Wheel Drive Vehicles for Toddlers Children Boys Girls Kids Gift-4PCS (Multicolor)",Toys & Garden,213,4.19,80.3,13.1,348.0
ZANDU Balm (25 ml) Pack Of 3 Balm (3 x 25 ml),Other,213,4.6,91.1,1.9,216.0
"Dallao Waterproof Remote Controlled Rock Crawler RC Monster Car With Wheel Remote , 4 Wheels , 1 Stepnee, , 1:20 scale (Blue)",Toys & Garden,210,3.33,54.3,34.8,945.0
"D-Link DIR-825 AC1200 Wi-Fi Gigabit 1200 Mbps Wireless Router (Black, Dual Band)",Electronics & Accessories,208,3.84,69.2,21.2,2499.0
mi star water proof copper blue 2000 2000 W Shock Proof Immersion Heater Rod (water),Appliances,206,4.24,82.5,11.2,436.0
Toyvala Unique Robot Deform Super Speed Car With 3D Special Light (Yellow) (Multicolor),Toys & Garden,202,4.06,74.3,13.9,499.0
"Urban Terrain Berlin with Complete Accessories & Mobile Tracking App 27.5 T Hybrid Cycle/City Bike (Single Speed, Black, Blue)",Sports & Fitness,200,4.51,89.0,4.5,6949.0
Google Nest Mini (2nd Gen) with Google Assistant with Google Assistant Smart Speaker (Charcoal),Electronics & Accessories,200,3.59,65.5,28.5,3499.0
"Urban Terrain Denver with Complete Accessories & Mobile Tracking App 27.5 T Hybrid Cycle/City Bike (Single Speed, Silver, Black)",Sports & Fitness,200,4.51,89.0,4.5,6719.0
"Flipkart Perfect Homes Webster TV Entertainment Unit (Finish Color - Wenge, Knock Down)",Electronics & Accessories,200,4.03,78.0,19.0,15490.0
CEAT Hitman Full Size Double Blade Poplar Cricket Bat - Advance Play Poplar Willow Cricket Bat (1.2 kg),Sports & Fitness,199,3.99,72.4,14.1,329.0
"SUJATA by SUJATA Powermatic 900 W Juicer (1 Jar, White)",Appliances,199,4.47,86.9,7.5,5190.0
"thos 5 Layer Simple Bookshelf/Multipurpose Rack/Children Bookcases/File Rack for Office/Storage Organizer/Cabinet Shelves for Bedroom Office Living Room Metal Open Book Shelf (Finish Color - Black, DIY(Do-It-Yourself))",Home Decor & Furnishing,199,3.38,55.8,33.2,785.0
"EdenSoul USB Rechargeable Moon Lamp 5 Color Changing Sensor Touch Decoration Crystal Ball Night Lamp with Wooden Stand (Moon Lamp) Night Lamp (20 cm, White)",Home Decor & Furnishing,199,3.97,73.4,17.6,585.0
"Aquagrand SkyLand 18 Ltr RO + UV + UF + TDS Water Purifier 18 L RO + UV + UF + TDS Water Purifier (White, Blue)",Appliances,199,2.7,42.2,54.8,4687.0
"Cosmic Byte CB-GK-05 Titan with Aluminum Body, Rainbow Backlit Keycaps, Braided Cable Wired USB Gaming Keyboard (Black)",Electronics & Accessories,199,4.35,84.4,9.0,949.0
"Dinine Craft Set of 4 Showpiece for Home Decor, Handicraft Showpiece for Table, office Decor, Small Statue of 4 Baby Monk Buddha, Handicraft Showpiece for Modern Interior, Multi color Handicraft Showpiece Decorative Showpiece - 4 cm (Polyresin, Multicolor)",Home Decor & Furnishing,199,4.61,92.0,3.5,199.0
LS2821 Bleed Blue Day and Date Functioning Strap Adult Quartz Analog Watch - For Men,Electronics & Accessories,199,4.16,77.4,11.6,299.0
"furlay Engineered Wood Study Table (Free Standing, Finish Color - Black, Walnut Shelf, DIY(Do-It-Yourself))",Home Decor & Furnishing,199,4.39,87.9,8.0,3399.0
Portronics POR-122 MODESK Universal Mobile Holder (Black) Mobile Holder,Electronics & Accessories,198,4.16,77.8,11.6,127.0
"Urban Terrain Rio with Complete Accessories & Mobile Tracking App 26 T Hybrid Cycle/City Bike (Single Speed, Yellow, Black)",Sports & Fitness,198,4.55,89.9,5.6,5499.0
Copper String LED light 10 MTR 100 LED USB Operated Decorative Lights 100 LEDs 10 m Yellow Rice Lights (Pack of 1),Electronics & Accessories,198,4.46,86.4,6.6,190.0
"MOTOROLA AmphisoundX Atom with HDMI Arc 120 W Bluetooth Soundbar (Black, 2.1 Channel)",Electronics & Accessories,198,4.45,87.9,7.1,5499.0
"Flipkart Perfect Homes Dalton Engineered Wood Study Table (Free Standing, Finish Color - Dark Wenge, Knock Down)",Home Decor & Furnishing,198,4.0,72.7,16.2,5790.0
"Kadio Analog 20 cm X 20 cm Wall Clock (White, With Glass, Standard)",Home Decor & Furnishing,198,3.89,70.7,20.2,219.0
"Sument USB Decoration Star Light Projector Light/Disco Light/Car Night Lamp Decorations With Bedroom Romantic Mood Atmosphere Fit Car, Party and More Shower Laser Light (Ball Diameter: 15 cm)",Toys & Garden,198,3.22,49.5,36.9,155.0
"MAGICAL Floral Single Mink Blanket for Heavy Winter (Microfiber, Brown)",Home Decor & Furnishing,198,3.64,63.1,24.7,499.0
Sheen Wet and Dry Microfiber Cleaning Cloth (10 Units),Personal Care & Cleaning,197,3.82,70.6,17.3,269.0
Mayne Exceed Helicopter With Remote Control Charging Helicopter Toys For Boys (Multicolor),Toys & Garden,197,2.98,47.7,45.2,369.0
"Men Solid Single Breasted Festive, Party, Wedding Blazer (Black)",Fashion & Apparel,196,3.73,66.3,23.0,1839.0
"SPANGLE Printed King Mink Blanket for Heavy Winter (Microfiber, Maroon)",Home Decor & Furnishing,196,3.95,73.5,19.4,840.0
"Adonai POT1.5LPINK Rice Cooker, Food Steamer, Travel Cooker, Slow Cooker, Electric Pressure Cooker (1.5 L, Pink)",Appliances,196,3.61,62.2,23.5,599.0
LA VERNE Microfibre Stripes Cushion Pack of 5 (White),Home Decor & Furnishing,196,4.31,83.7,7.7,449.0
"Ang Refill kit Compatible Dye ink for HP cartridge 805, 803, 680, 678, 682, 818, 802, 901, 703, 704, 46, 21, 22, 27, 28, 56, 57, canon 88, 98 Cartridges 4 Refill ink bottle_With 5 Syringe & 1 nos Suction Tool Kit set 2 set hand glove ND tissue paper Black + Tri Color Combo Pack Ink Cartridge",Kitchen & Dining,195,3.71,67.7,26.2,421.0
Loafers For Men (Black),Fashion & Apparel,195,3.63,63.1,26.2,299.0
"SHF Velvet Door Mat (Multicolor, Large, Pack of 5)",Home Decor & Furnishing,195,3.33,51.3,31.3,160.0
Canon PG47 Ink Catridge,Electronics & Accessories,194,4.0,75.3,19.1,669.0
"kariox 10 Kg Vermicompost, Made from Cow Manure, 100% Organic & Natural Plant Nutrient For Home Gardens And Potting Mix Manure (10 kg, Powder) Manure, Soil (10 kg, Powder)",Toys & Garden,194,2.7,38.1,50.5,95.0
"Sarika Enterprises Mickey Mouse Shaped Soft Plush Cushion Fabric Sofa (Finish Color - Black, Pre-assembled)",Home Decor & Furnishing,194,3.42,54.6,28.9,470.0
"THE INDIE EARTH Vitamin C Serum with Vitamin E, Turmeric, Ferulic Acid and Vegan Glutathione Acid Serum (30 ml) For Skin Brightening, Even Skin Tone & Blemish Control (30 ml)",Personal Care & Cleaning,194,4.09,76.3,14.4,441.0
LICAN 301 Steel Coat Pack of 12 Hangers For Coat (Steel),Kitchen & Dining,194,3.54,60.3,24.7,156.0
"IWS Printed Double Mink Blanket for Mild Winter (Microfiber, Black)",Home Decor & Furnishing,194,3.94,71.1,17.0,529.0
Scotch-Brite Twin Bucket Mop,Personal Care & Cleaning,193,4.19,79.8,13.0,1099.0
"Fresh Zone Polyester Door Mat (Multicolor, Medium, Pack of 5)",Home Decor & Furnishing,193,4.03,75.1,15.0,239.0
"boAt Aavante Bar 500 Portable Soundbar 10 W Bluetooth Soundbar (Black, Mono Channel)",Electronics & Accessories,193,4.18,77.7,13.0,1699.0
mCaffeine Vitamin C Green Tea Face Serum for Glowing Skin with Hyaluronic Acid (40 ml),Personal Care & Cleaning,193,4.38,85.0,8.3,549.0
"Trixzoom Solid Ultimate Pastel Rose Gold Happy Birthday Decoration Set - 119 Pcs Kit - Rosegold Happy Birthday, Pastel & Metallic Balloons, Heart Shape Balloons, Tassels, Pump & LED Lights Balloon Bouquet (Multicolor, Pack of 119)",Electronics & Accessories,193,3.83,67.4,19.2,399.0
"RBGIIT Pack of 8 Stainless Steel Stainless Steel Copper Bottom Cooking & Serving Biryani/Punjabi/ Pot /Handis mirror finish design Handi Copper Vegetable Bowl ,Cooking Dinner Table Serving Biryani Pot Handi Kadhai , Panikarilikka Steel Handi Perfect Copper Handi Set for Everyday Use Whether you want to cook a delicious serving of your favourite sabzi or heat leftover curries from the previous day Stainless Steel Copper Bottom Cooking Serving Pot Biryani Handi serving Handi/tableware/storage containers/bakeware/ dinner set/ kitchen set steel item for home appliances and kitchen serving cooking combo set with lid/cover/dhakkan/ storage container copper handi /URLI set fruit and salad bowl Cookware set Cookware/ Container/pot pan/patila/bhagona/Serving bowl/biryani cook & serve Set Dinner Set (Steel, Microwave Safe)",Kitchen & Dining,192,3.86,68.8,19.3,650.0
AGAMI Green 2 Layer Lucky Bamboo plant with Big Round Glass Pot and Colored Jelly Balls Seed (1 per packet),Toys & Garden,192,4.45,84.9,3.6,279.0
Hamlay by SIGRI-WALA Pack of 40 Melamin Pink Dahlia Dinner Set (Multicolor),Kitchen & Dining,192,4.63,92.2,3.1,1299.0
FLOSTON 250m.m. Antique Chandelier Jhoomar ceiling lamp Chandelier Ceiling Lamp (Gold),Home Decor & Furnishing,192,3.71,64.6,23.4,850.0
FLORICAN Height and Angle Adjustable Mobile Holder,Electronics & Accessories,191,4.57,92.7,3.1,278.0
"Riyahandlooms Cotton Floor Mat (Blue, Large, Pack of 2)",Fashion & Apparel,191,2.62,30.9,49.7,189.0
"Theme My Party Printed Birthday decoration combo kit, birthday combo Balloon (Multicolor, Pack of 59)",Other,191,4.39,85.9,7.3,245.0
"UNIQUE Black Table lamp Table Lamp (25 cm, Black)",Home Decor & Furnishing,190,4.17,78.9,10.0,298.0
"Midea TORRINO,WQP12-5201F Free Standing 13 Place Settings Intensive Kadhai Cleaning| No Pre-rinse Required Dishwasher",Personal Care & Cleaning,190,4.13,80.5,15.8,25990.0
HL-2022 New Trending Full Black Round Waterproof Gym Fitness Freek HL-2022-DTL Digital Watch - For Men,Sports & Fitness,190,4.14,77.4,8.9,279.0
"HAVELLS Rigo without jars (0 jars) 500 W Juicer (White, Blue)",Appliances,190,4.14,81.1,12.1,2590.0
"Dr Ortho Knee Cap for Pain Relief, Sports, Gym, Exercise, Running for Men & Women Knee Support",Sports & Fitness,189,4.43,88.9,5.8,260.0
"Hiru Party Light - 50W RGB LED Brick Light Remote IP65 LED Flood Light Flood Light Outdoor Lamp (Multicolor, Blue, Red, Pink, Yellow)",Electronics & Accessories,189,3.65,66.1,26.5,230.0
"Arpita Crafts Wooden 2 Pocket Pen Stand Om Swastik 8 Hook Brown Wood Key Holder Wood Key Holder (8 Hooks, Brown)",Home Decor & Furnishing,188,4.15,79.3,12.8,159.0
"COSCO Kick Football - Size: 5 (Pack of 1, Blue)",Sports & Fitness,188,4.17,78.7,13.8,449.0
Prerana Microfibre Solid Cushion Pack of 5 (White),Home Decor & Furnishing,188,2.66,35.6,52.7,258.0
"SportSoul Cotton Gym & Athletic Abdomen Support (Black, Blue)",Sports & Fitness,185,3.75,65.9,21.6,449.0
Men Blue Genuine Leather Wallet - Mini (6 Card Slots),Fashion & Apparel,185,3.45,45.9,24.9,499.0
"Pigeon Favourite 15024 500 W Juicer Mixer Grinder (4 Jars, White)",Appliances,185,3.26,55.1,35.1,2099.0
"HARIOM ALL IN ONE Solid Wood Study Table (Finish Color - SPIDERMAN BUILDING, Pre-assembled)",Home Decor & Furnishing,182,4.13,79.1,11.0,517.0
"Lenovo IdeaPad Gaming Core i5 11th Gen - (8 GB/512 GB SSD/Windows 11 Home/4 GB Graphics/NVIDIA GeForce GTX 1650) 82K101B6IN|82K101FTIN Gaming Laptop (15.6 Inch, Shadow Black, 2.25 kg)",Electronics & Accessories,182,4.23,80.2,10.4,59990.0
MRF ENDORSED | for Light/Hard Tennis Ball [with Cover] | Full Size (SH) Natural Poplar Willow Cricket Bat (1000-1200 g),Sports & Fitness,181,3.37,55.2,33.7,499.0
JustandKrafts 75 L Blue Laundry Basket (Cotton),Fashion & Apparel,179,3.74,63.1,19.0,298.0
Funtastik Steel Shirt Pack of 12 Hangers For Shirt (Silver),Kitchen & Dining,178,3.41,57.9,31.5,171.0
"SAMSUNG 23 L Solo Microwave Oven (MS23A301TAK, Black)",Appliances,177,4.16,82.5,13.6,6099.0
BOSCH SMS66GI01I Free Standing 13 Place Settings Intensive Kadhai Cleaning| No Pre-rinse Required Dishwasher,Personal Care & Cleaning,177,4.55,89.8,5.6,44890.0
"Candes Florence 1200 mm Energy Saving 3 Blade Ceiling Fan (Silver Blue, Pack of 2)",Appliances,177,4.02,74.6,15.8,2879.0
TW00ZR347 Analog Watch - For Men,Electronics & Accessories,174,4.29,85.1,10.9,599.0
mCaffeine Coffee Moment Festive Skincare Gift Set| Daily Essentials for all skin types (5 Items in the set),Other,172,4.82,96.5,0.6,1199.0
LCS-8188 TRENDING DAY & DATE FUNCTIONING Analog Watch - For Men,Electronics & Accessories,171,4.2,82.5,14.0,299.0
Kadio Analog Silver Clock,Home Decor & Furnishing,171,3.98,71.9,17.0,299.0
"Woodbuzz Engineered Wood Study Table (Free Standing, Finish Color - Wenge Brown, DIY(Do-It-Yourself))",Home Decor & Furnishing,170,3.76,70.6,22.4,3307.0
"IFB Neptune VX Free Standing 12 Place Settings with Germ-Free Hygienic Wash, Made for Indian Kitchens, Steam Drying, Energy Efficient Dishwasher",Appliances,170,4.39,85.9,9.4,38490.0
"SAMSUNG Original 25W , USB -C Compatible Power Adaptor for all Samsung Devices (Fast Charge 2.0) (White)",Electronics & Accessories,169,3.98,76.3,20.7,1299.0
CRAFTIFY High Quality 1500 W Immersion Heater Rod (Water),Appliances,168,4.08,76.2,14.9,290.0
FULL BLACK FANCY DIAL SPORT PU BELT WATCH & KING BRECELET PACK OF 3 Analog Watch - For Men,Electronics & Accessories,168,3.95,72.6,17.3,256.0
Flipkart SmartBuy Pack of 61 Stainless Steel Dinner Set (Silver),Kitchen & Dining,168,3.89,67.9,18.5,2443.0
"SUSI Jewelery Organizers (Red, Plastic)",Home Decor & Furnishing,160,4.6,93.1,2.5,283.0
"BAJAJ Crest Neo 1200 mm 3 Blade Ceiling Fan (Brown, Pack of 1)",Appliances,157,3.52,63.7,27.4,1349.0
"Ebee Engineered Wood Computer Desk (Modular, Finish Color - Wenge, DIY(Do-It-Yourself))",Home Decor & Furnishing,155,3.81,70.3,21.3,3091.0
"Habitat Green Plastic Area Rug (45 cm, X 120 cm, Rectangle)",Other,151,3.59,60.9,25.8,253.0
"IFB Neptune SX1 Free Standing 15 Place Settings with Germ-Free Hygienic Wash, Made for Indian Kitchens, Steam Drying, Energy Efficient Dishwasher",Appliances,150,4.48,89.3,5.3,44490.0
"Scotch-Brite Sponge Wipe (Large, Pack of 3)",Other,150,4.41,86.7,8.0,189.0
Voltas Beko DF14W Free Standing 14 Place Settings Intensive Kadhai Cleaning| No Pre-rinse Required Dishwasher,Personal Care & Cleaning,150,4.03,79.3,17.3,31590.0
"Men Solid Single Breasted Casual, Wedding Blazer (Black)",Fashion & Apparel,149,3.79,67.8,21.5,1471.0
BATANIYA Pack of 46 Melamin Melamine dinner set of 46 pieces Dinner Set (White),Kitchen & Dining,149,4.32,83.2,10.1,2780.0
WD Elements 2 TB Wired External Hard Disk Drive (HDD) (Black),Electronics & Accessories,148,4.41,86.5,10.1,5499.0
Mi TV Stick with Built in Chromecast (Black),Electronics & Accessories,148,3.18,54.1,39.2,2999.0
Prestige PWG 07 Wet Grinder (Black),Appliances,148,3.86,70.9,20.3,4330.0
"Hello Baby Fabric Sofa (Finish Color - sky blue, Pre-assembled)",Home Decor & Furnishing,145,4.22,79.3,11.0,739.0
Men Solid Single Breasted Casual Blazer (Black),Fashion & Apparel,144,3.74,68.1,22.2,1541.0
"Lenovo IdeaPad 3 Ryzen 5 Hexa Core 5500U - (8 GB/512 GB SSD/Windows 11 Home) 15ALC6 Thin and Light Laptop (15.6 inch, Arctic Grey, 1.65 kg, With MS Office)",Electronics & Accessories,143,4.3,86.0,6.3,46999.0
"MSB FAB Maroon Velvet Carpet (150 cm, X 210 cm, Rectangle)",Home Decor & Furnishing,141,3.04,44.0,39.7,369.0
Pack of 3 Solid Men Multicolor Bermuda Shorts,Fashion & Apparel,139,3.47,56.8,30.9,395.0
"BLUECHIP 100% Copper BL72SmartTV3.2Amp TV Voltage Stabilizer for LED TV/Smart TV Up to 72 + Inches + Set Top Box + home theater , With 3 Years Warranty ( 100% Copper ) (Black, Gold)",Appliances,139,4.32,84.9,7.9,1547.0
NOVA Submersible NIH 426 Instant Heat 1500 W Immersion Heater Rod (water),Appliances,139,4.45,86.3,3.6,404.0
LUMINOUS Power Sine 800 Pure Sine Wave Inverter,Appliances,136,4.12,80.1,13.2,4699.0
"Classic Essentials Pack of 32 Stainless Steel Stainless Steel Maple Dinner set ,32-Pieces,Silver -Heavy Gauge with Permanent Laser Design Dinner Set (Silver)",Kitchen & Dining,136,4.17,77.9,13.2,1099.0
"LA VERNE Self Design Double Mink Blanket for Heavy Winter (Woollen Blend, Grey)",Home Decor & Furnishing,136,3.26,51.5,36.0,549.0
1170-BL-BR Unique New Day & Date Analog Watch - For Men,Electronics & Accessories,135,3.89,73.3,19.3,299.0
HF MRF GRAND Edition VK - 18 Full Size ( Ideal For 15-21 Years ) Complete Cricket Kit,Sports & Fitness,135,4.44,83.7,3.7,3699.0
Butterfly Rhino 2 Ltr Wet Grinder (Cherry Red),Appliances,135,3.93,75.6,16.3,4396.0
"TP-Link Archer C6 MU-MIMO Gigabit 1200 Mbps Wireless Router (Black, Dual Band)",Electronics & Accessories,133,4.14,76.7,16.5,2699.0
"IFB Neptune VX Plus Free Standing 15 Place Settings with Germ-Free Hygienic Wash, Made for Indian Kitchens, Steam Drying, Energy Efficient Dishwasher",Appliances,132,4.24,80.3,12.1,41990.0
Embroco Polyester Fibre Solid Cushion Pack of 5 (White),Home Decor & Furnishing,131,3.78,67.9,21.4,473.0
realme Smart Tv Stick Media Streaming Device (Black),Electronics & Accessories,130,3.92,73.8,19.2,2999.0
LUMINOUS Vento Dlx 150 mm 5 Blade Exhaust Fan (White),Appliances,130,3.93,70.8,14.6,1448.0
Cotton Blend Embroidered Maroon Men Dupatta,Fashion & Apparel,129,3.81,72.1,14.0,302.0
Sarvatr 20 Watt 4 Fan Blade Shape led Bulb Pendants Ceiling Lamp (White),Appliances,128,3.31,54.7,36.7,245.0
"Crompton Hill Briz Deco 1200 mm 3 Blade Ceiling Fan (Smoked Brown, Pack of 1)",Appliances,128,3.8,70.3,21.1,1799.0
Seagate One Touch with Password Protection for Windows & Mac with 3 years Data Recovery Services - Portable 1 TB External Hard Disk Drive (HDD) (Space Gray),Electronics & Accessories,123,3.85,74.0,22.0,4449.0
KJR_32 KJR_32 Analog Watch - For Men,Electronics & Accessories,122,4.47,87.7,5.7,209.0
"USHA FP 3810_ 1000 W Food Processor (Black, Silver)",Appliances,122,3.82,73.8,22.1,9990.0
"HARIOM ALL IN ONE Solid Wood Study Table (Finish Color - MOTU PATLU, Pre-assembled)",Home Decor & Furnishing,121,3.96,69.4,15.7,549.0
"HARIOM ALL IN ONE Solid Wood Study Table (Finish Color - KITTY PINK, Pre-assembled)",Home Decor & Furnishing,121,3.96,69.4,15.7,545.0
"HARIOM ALL IN ONE Solid Wood Study Table (Finish Color - ABCD KALAM, Pre-assembled)",Home Decor & Furnishing,121,3.96,69.4,15.7,499.0
"cello Pack of 18 Opalware Cello Dazzle Tropical Lagoon Opalware Dinner Set, 18 Pieces Dinner Set (White, Microwave Safe)",Kitchen & Dining,120,4.41,88.3,8.3,1299.0
Casewilla Mobile Stand Holder for Table with Adjustable Height |Update 2021 360 Degree Rotation Mobile Holder for Table and Bed Compatible with All Smartphones Mobile Holder Mobile Holder,Electronics & Accessories,120,3.66,65.0,26.7,210.0
Airtel Regular Digital TV DTH Remote Compatible with SD and HD Recording (Black) Airtel Remote Controller (Black),Toys & Garden,120,4.0,75.0,16.7,215.0
BOSCH SMS66GW01I Free Standing 13 Place Settings Intensive Kadhai Cleaning| No Pre-rinse Required Dishwasher,Personal Care & Cleaning,120,4.38,85.8,9.2,42000.0
Butterfly Rapid Kettle 1.5 Litre + Eco 750 Ml Water Bottle,Appliances,119,4.17,82.4,14.3,849.0
"HERO Skyper 26T 26 T Mountain/Hardtail Cycle (Single Speed, Black)",Sports & Fitness,119,4.52,90.8,3.4,5999.0
PHILIPS HR7627/00 650 W Food Processor (White),Appliances,119,4.11,79.8,15.1,4319.0
ELV Portable Aluminium Mobile Stand Holder With Convenient Charging for Tablet and Smartphones Mobile Holder,Electronics & Accessories,119,4.28,84.0,10.9,127.0
HP 805 Tri-Color Ink Cartridge,Electronics & Accessories,118,3.84,70.3,24.6,789.0
"ASUS TUF Gaming A17 with 90Whr Battery Ryzen 5 Hexa Core AMD R5-4600H - (8 GB/512 GB SSD/Windows 11 Home/4 GB Graphics/NVIDIA GeForce GTX 1650/144 Hz) FA706IHRB-HX041W Gaming Laptop (17.3 Inch, Graphite Black, 2.60 Kg)",Electronics & Accessories,118,4.52,89.8,7.6,63990.0
Seagate Expansion for Windows and Mac with 3 years Data Recovery Services – Portable 1 TB External Hard Disk Drive (HDD) (Black),Electronics & Accessories,118,4.24,83.9,11.9,4098.0
"Mi 18W Quick Charger for Mi,Redmi,Xiomi devices (Black)",Electronics & Accessories,117,4.47,88.9,6.0,499.0
Men Brown Sandal,Fashion & Apparel,117,3.29,56.4,36.8,434.0
"Flipkart Perfect Homes Studio Metal Open Book Shelf (Finish Color - Black, DIY(Do-It-Yourself))",Home Decor & Furnishing,116,3.98,74.1,17.2,1599.0
"HRX XTRM MTB 900 Foldable 27.5 T Mountain Cycle (21 Gear, Multicolor)",Sports & Fitness,113,4.16,77.9,12.4,16499.0
"Flipkart SmartBuy Bucket Spin Mop Floor Cleaning and Mopping System2 Microfiber Refills,Aqua BLUE Mop, Bucket, Mop Set",Personal Care & Cleaning,112,3.8,66.1,16.1,619.0
"SAISWAR OXO Bio deagradable Dustbin garbage cover medium pack of 3 (19X21)inch black Plastic Dustbin (Black, Pack of 3)",Other,111,3.12,49.5,40.5,176.0
"Google 30W - 5A ,USB-C,Power Adaptor for Google devices (White)",Other,107,4.59,92.5,2.8,2199.0
"CLOTHOLOGY 144 TC Cotton Double Printed Flat Bedsheet (Pack of 1, White, Yellow)",Home Decor & Furnishing,107,3.84,72.0,17.8,329.0
Prestige CleanHome Fruit and Vegetable Cleaner (P0Z 1.0 ) 230 Volts Food Processor (White and Blue),Personal Care & Cleaning,107,4.36,87.9,8.4,2695.0
Exclusive Range of Stylish Comfortable Sports Sneakers Running Shoes Running Shoes For Men (Grey),Fashion & Apparel,107,3.89,69.2,16.8,299.0
FAST Trenddy Tainer Lace-ups Sporty Casuals Training & Gym Shoes For Men (White),Sports & Fitness,106,3.99,70.8,15.1,399.0
"aniket 180 TC Polycotton Double Printed Flat Bedsheet (Pack of 1, Multicolor)",Home Decor & Furnishing,106,4.26,82.1,10.4,228.0
"Google Nest Hub (2nd gen), Display with Google Assistant Smart Speaker (Charcoal)",Electronics & Accessories,106,4.2,77.4,12.3,6999.0
Exclusive Affordable Collection of Trendy & Stylish Sport Sneakers Shoes Running Shoes For Men (Black),Fashion & Apparel,106,3.79,64.2,21.7,299.0
"RBGIIT Latex Rubber Pink Special Dish Kitchen Platform Washing,Home Bathroom Garden Other Type Of Safety Uses Sanitation Fashion Protective Home Kitchen Cleaing Gloves For Women And Girls 1 Pair Latex, Rubber Safety Gloves New Latest Corean Design Latex Red Reusable Rubber 1 Pair (2 Pieces) Hand Careing Long Sleeve Waterproof Safety Hand Gloves, Cleaning Gloves, Household / Bathroom Cleaning / Kitchen Platform Washing Washable Cloth Washing Good Quality Free Size Soft Scrubbing Dish washing Plate Dishes Pet Grooming Unique Multi Use Cleaning Garden And Bath Safety Industrial Heat And chemical Daily Uses Clean Gloves Wet and Dry Glove Set (Medium Pack of 2)",Personal Care & Cleaning,104,3.76,67.3,26.0,169.0
Qubo Smart Cam 360 Q100 by HERO GROUP 1080p FHD WiFi CCTV with Intruder Alarm System Security Camera,Electronics & Accessories,104,4.32,86.5,12.5,2390.0
UPC Upgraded Hands-Free Squeeze Microfiber Flat Spin Mop System 360° Flexible Head Mop Set,Personal Care & Cleaning,103,4.06,73.8,21.4,1233.0
"HP 14s Intel Core i3 11th Gen - (8 GB/256 GB SSD/Windows 11 Home) 14s - dy2507TU Thin and Light Laptop (14 inch, Natural Silver, 1.41 Kg, With MS Office)",Electronics & Accessories,103,4.09,77.7,13.6,38990.0
"Woodbuzz Engineered Wood Study Table (Free Standing, Finish Color - Frosty White & Yellow, DIY(Do-It-Yourself))",Home Decor & Furnishing,100,3.73,72.0,23.0,3307.0
"Zofiy 6 Layer Metal Frame Clothes Organizer - Maroon PP Collapsible Wardrobe (Finish Color - Maroon, DIY(Do-It-Yourself))",Home Decor & Furnishing,100,3.4,53.0,31.0,655.0
"LEADER XTREME 26T REAR SUSPENSION FOR MTB RIDER 26 T Mountain Cycle (Single Speed, Black)",Sports & Fitness,100,3.6,65.0,30.0,6299.0
"Prestige PRWO 1.8-2 Electric Rice Cooker with Steaming Feature (1.8 L, White)",Appliances,100,2.77,43.0,54.0,2454.0
"ROYAL TREND Fabric Sofa (Finish Color - Pink, Pre-assembled)",Home Decor & Furnishing,100,3.54,59.0,27.0,464.0
"Cosito 144 TC Cotton Double Floral Flat Bedsheet (Pack of 1, Multicolor)",Home Decor & Furnishing,100,3.75,67.0,26.0,339.0
"chawla overseas Red Cotton Carpet (152 cm, X 214 cm, Rectangle)",Home Decor & Furnishing,100,3.37,58.0,32.0,361.0
"Vero Forza Glide PRO (4 Piece) Thumb & Finger Sleeve for Mobile Game, Pubg, Cod, Freefire & Fortnite Gaming Accessory Kit (Multicolor, For Android, iOS)",Electronics & Accessories,100,4.37,85.0,6.0,284.0
HP GK320 Wired USB Gaming Keyboard (Black),Electronics & Accessories,100,4.38,85.0,12.0,1599.0
tHemiStO Beginners 8 in 1 Soldering iron Kit 25 W Simple (Flat Tip),Appliances,100,4.24,81.0,9.0,232.0
"AQUANZA Pre housing complete set for r.o Solid Filter Cartridge (0.005, Pack of 8)",Other,100,4.17,81.0,16.0,299.0
"Whiteray Leaf Design CLuster Lotus Chandelier for home decoration Pendants Ceiling Lamp (Brown, White)",Home Decor & Furnishing,100,4.08,76.0,12.0,881.0
Shri Vasunandi Traders chandelier_jhoomar_pendent light Chandelier Ceiling Lamp (Gold),Home Decor & Furnishing,100,3.57,62.0,29.0,505.0
Voltas Beko DT8B Free Standing 8 Place Settings Intensive Kadhai Cleaning| No Pre-rinse Required Dishwasher,Personal Care & Cleaning,100,4.37,85.0,9.0,20990.0
"Arpita Crafts HEARTHOME Wood Key Holder (7 Hooks, Beige)",Home Decor & Furnishing,100,4.0,77.0,18.0,159.0
COMBO 4 quantity bottle cork led string lights 2 meter 20 led warm white 20 LEDs 1.98 m White Rice Lights (Pack of 4),Kitchen & Dining,100,3.66,64.0,26.0,184.0
"AnshiEnterises FLEXIBLE YELLOW HOSE PIPE ( INCH ,12 mm) With Water Spray Gun Hose Pipe (10 m)",Other,100,3.91,67.0,16.0,544.0
"Flipkart Perfect Homes Phonox Engineered Wood TV Entertainment Unit (Finish Color - Wenge, Knock Down)",Electronics & Accessories,100,4.02,78.0,16.0,5890.0
"CuteKitchen CK ET 66 Lakshman TV unit Engineered Wood TV Entertainment Unit (Finish Color - Rosewalnut and frosty white, DIY(Do-It-Yourself))",Kitchen & Dining,100,3.89,74.0,19.0,5022.0
"URBANYOG Hair Removal Cream Spray for Womens Hand, Leg & Under Arm, Painless Hair Removal Spray (200 ml)",Personal Care & Cleaning,100,4.54,89.0,8.0,499.0
"Urban Terrain BOLT UT5000S26 Steel MTB-Disc Brakes, Free Installation & OneFitPlus App Tracking 26 T Mountain Cycle (Single Speed, Green)",Sports & Fitness,100,4.44,89.0,9.0,7609.0
"CMerchants BOOK SHELF-6RACK Metal Open Book Shelf (Finish Color - BLUE, DIY(Do-It-Yourself))",Home Decor & Furnishing,100,4.18,82.0,13.0,799.0
Inalsa Inox 1000 1000 W Food Processor (Silver:Black),Appliances,100,4.06,74.0,17.0,9050.0
ghar ki khushiya 1 LEDs 0.13 m Multicolor Rice Lights (Pack of 1),Home Decor & Furnishing,100,4.22,80.0,10.0,289.0
JSR Organics Kamal Seed (20 per packet),Toys & Garden,100,4.05,74.0,14.0,127.0
"GLORIEUX ART Beautiful Antique Wooden Fold-able Side Table/End Table/Stool Living Room Kids Play Furniture Table Round Shape Solid Wood Side Table (Finish Color - White, DIY(Do-It-Yourself))",Home Decor & Furnishing,100,3.55,60.0,29.0,470.0
PrintStar 12A / Q2612A Compatible Toner Cartridge For Hp1005 Canon 2900B Black Ink Cartridge,Electronics & Accessories,100,2.29,33.0,64.0,489.0
AOQ Cleaning Brush Feather Microfiber Duster with Extendable Rod Dust Cleaner Fit Ceiling Fan Car Home Office Cleaning Tools Wet and Dry Duster,Personal Care & Cleaning,100,3.87,70.0,20.0,299.0
"Value Adds Wall Mount Set Top Box Iron Wall Shelf (Number of Shelves - 1, Black) Steel Wall Shelf (Number of Shelves - 1, Black)",Appliances,100,3.99,74.0,17.0,195.0
Inalsa fiesta 650 W Food Processor (White),Appliances,100,3.69,71.0,24.0,5390.0
"RPM Euro Games Gaming Keyboard and Mouse Combo | Keyboard - With 7 Color Backlit | Suspension Caps | Backlit | 104 Keys | Mouse - Upto 3200 DPI, 4 Levels|6 Buttons | 7 Color RGB Wired USB Gaming Keyboard (Black) Wired USB Gaming Keyboard (Black)",Electronics & Accessories,100,4.05,75.0,14.0,999.0
"Verona LAPTOP TABLE FOLDABLE001 Wood Portable Laptop Table (Finish Color - Black, DIY(Do-It-Yourself))",Electronics & Accessories,100,3.63,65.0,24.0,555.0
Spotzero by Milton Prime Mop With Big Wheels Bucket,Personal Care & Cleaning,100,4.24,83.0,10.0,1299.0
"limraz furniture Engineered Wood Computer Desk (Straight, Finish Color - brown, Pre-assembled)",Home Decor & Furnishing,100,4.03,77.0,17.0,1298.0
realme 4k Smart Google TV Stick (Black) (Black),Electronics & Accessories,100,2.25,28.0,64.0,3999.0
"Prestige Atlas Delight Electric Rice Cooker (1.8 L, Blue)",Appliances,100,3.15,55.0,42.0,2399.0
"realme Mobile Game Finger Sleeves Gaming Accessory Kit (Mottled Black, For Android, iOS)",Electronics & Accessories,100,3.22,52.0,37.0,199.0
"Home Full Bliss Engineered Wood TV Entertainment Unit (Finish Color - Wenge, Knock Down)",Electronics & Accessories,100,3.81,73.0,24.0,8890.0
"ANTIOUE MART Wooden Set Top Box Stand Wall Mounted TV Cabinets Wall Selves Holds Speaker, Cable Boxes, Streaming Device, Game Console, Remote, WiFi Router Wooden Wall Shelf (Number of Shelves - 3, Brown)",Electronics & Accessories,100,3.25,55.0,38.0,493.0
