sentiment,word,count
negative,product,7471
negative,bad,5539
negative,quality,5460
negative,good,3854
negative,buy,2805
negative,worst,2317
negative,poor,2258
negative,money,2232
negative,working,2075
negative,waste,2053
negative,one,1187
negative,small,1122
negative,flipkart,943
negative,time,890
negative,low,862
negative,size,861
negative,also,841
negative,days,774
negative,use,764
negative,properly,667
negative,like,664
negative,please,649
negative,even,624
negative,month,563
negative,got,555
neutral,good,5774
neutral,product,3207
neutral,nice,1787
neutral,quality,1717
neutral,small,858
neutral,size,723
neutral,bad,712
neutral,price,667
neutral,average,539
neutral,one,515
neutral,like,390
neutral,time,375
neutral,much,368
neutral,use,355
neutral,working,350
neutral,money,348
neutral,also,336
neutral,okay,312
neutral,better,285
neutral,best,276
neutral,flipkart,274
neutral,low,272
neutral,sound,270
neutral,buy,255
neutral,little,248
positive,good,54898
positive,product,45026
positive,nice,28934
positive,quality,14598
positive,best,9291
positive,price,7388
positive,flipkart,7381
positive,awesome,6640
positive,super,6063
positive,money,5922
positive,excellent,5019
positive,one,4652
positive,value,4487
positive,happy,4076
positive,buy,3898
positive,delivery,3888
positive,great,3770
positive,also,3770
positive,thanks,3699
positive,really,3540
positive,like,3510
positive,thank,3429
positive,worth,3233
positive,amazing,3028
positive,use,2931
