word,negative,neutral,positive,total,neg_share,pos_share
good,3854,5774,54898,64526,0.06,0.851
product,7471,3207,45026,55704,0.134,0.808
nice,248,1787,28934,30969,0.008,0.934
quality,5460,1717,14598,21775,0.251,0.67
best,125,276,9291,9692,0.013,0.959
flipkart,943,274,7381,8598,0.11,0.858
money,2232,348,5922,8502,0.263,0.697
price,434,667,7388,8489,0.051,0.87
bad,5539,712,785,7036,0.787,0.112
buy,2805,255,3898,6958,0.403,0.56
awesome,28,97,6640,6765,0.004,0.982
one,1187,515,4652,6354,0.187,0.732
super,45,210,6063,6318,0.007,0.96
excellent,27,74,5019,5120,0.005,0.98
also,841,336,3770,4947,0.17,0.762
working,2075,350,2463,4888,0.425,0.504
value,89,197,4487,4773,0.019,0.94
like,664,390,3510,4564,0.145,0.769
happy,163,158,4076,4397,0.037,0.927
delivery,203,222,3888,4313,0.047,0.901
use,764,355,2931,4050,0.189,0.724
great,54,143,3770,3967,0.014,0.95
really,203,113,3540,3856,0.053,0.918
thanks,28,95,3699,3822,0.007,0.968
time,890,375,2506,3771,0.236,0.665
small,1122,858,1700,3680,0.305,0.462
worth,265,157,3233,3655,0.073,0.885
thank,27,82,3429,3538,0.008,0.969
sound,444,270,2619,3333,0.133,0.786
size,861,723,1661,3245,0.265,0.512
products,490,170,2497,3157,0.155,0.791
amazing,18,56,3028,3102,0.006,0.976
installation,424,212,2331,2967,0.143,0.786
much,536,368,2032,2936,0.183,0.692
poor,2258,231,154,2643,0.854,0.058
superb,16,50,2557,2623,0.006,0.975
love,19,37,2481,2537,0.007,0.978
using,376,151,1989,2516,0.149,0.791
well,173,158,2177,2508,0.069,0.868
worst,2317,80,85,2482,0.934,0.034
range,120,159,2128,2407,0.05,0.884
got,555,164,1658,2377,0.233,0.698
easy,39,66,2254,2359,0.017,0.955
satisfied,277,141,1884,2302,0.12,0.818
service,472,108,1714,2294,0.206,0.747
fast,92,131,2049,2272,0.04,0.902
water,538,186,1547,2271,0.237,0.681
waste,2053,52,79,2184,0.94,0.036
low,862,272,1025,2159,0.399,0.475
better,303,285,1563,2151,0.141,0.727
days,774,125,1143,2042,0.379,0.56
performance,135,98,1787,2020,0.067,0.885
perfect,67,70,1844,1981,0.034,0.931
must,24,54,1900,1978,0.012,0.961
overall,92,235,1622,1949,0.047,0.832
purchase,430,66,1323,1819,0.236,0.727
work,427,163,1202,1792,0.238,0.671
battery,301,160,1182,1643,0.183,0.719
useful,79,88,1468,1635,0.048,0.898
loved,4,15,1615,1634,0.002,0.988
looking,125,118,1339,1582,0.079,0.846
speed,234,174,1151,1559,0.15,0.738
even,624,163,753,1540,0.405,0.489
little,99,248,1184,1531,0.065,0.773
design,116,123,1284,1523,0.076,0.843
get,318,163,1042,1523,0.209,0.684
looks,135,147,1231,1513,0.089,0.814
beautiful,7,47,1453,1507,0.005,0.964
day,359,78,1054,1491,0.241,0.707
used,354,126,945,1425,0.248,0.663
expected,303,225,894,1422,0.213,0.629
experience,465,63,881,1409,0.33,0.625
fine,95,162,1139,1396,0.068,0.816
machine,240,98,1053,1391,0.173,0.757
light,214,168,991,1373,0.156,0.722
look,122,122,1099,1343,0.091,0.818
picture,140,117,1072,1329,0.105,0.807
material,413,147,757,1317,0.314,0.575
laptop,91,56,1162,1309,0.07,0.888
months,463,87,715,1265,0.366,0.565
high,230,208,825,1263,0.182,0.653
item,424,98,739,1261,0.336,0.586
works,102,70,1088,1260,0.081,0.863
comfortable,96,91,1068,1255,0.076,0.851
month,563,94,584,1241,0.454,0.471
need,181,141,913,1235,0.147,0.739
colour,274,169,786,1229,0.223,0.64
first,309,95,823,1227,0.252,0.671
bit,54,190,977,1221,0.044,0.8
watch,146,112,927,1185,0.123,0.782
properly,667,170,337,1174,0.568,0.287
problem,408,154,598,1160,0.352,0.516
bought,220,80,838,1138,0.193,0.736
average,263,539,322,1124,0.234,0.286
less,227,165,705,1097,0.207,0.643
received,315,96,659,1070,0.294,0.616
review,161,69,823,1053,0.153,0.782
please,649,64,331,1044,0.622,0.317
delivered,97,56,890,1043,0.093,0.853
power,209,94,732,1035,0.202,0.707
packing,89,82,861,1032,0.086,0.834
camera,121,81,826,1028,0.118,0.804
without,116,66,843,1025,0.113,0.822
bass,90,62,858,1010,0.089,0.85
budget,11,50,928,989,0.011,0.938
home,99,60,812,971,0.102,0.836
issue,258,104,607,969,0.266,0.626
weight,114,104,728,946,0.121,0.77
thing,91,79,753,923,0.099,0.816
recommend,147,37,738,922,0.159,0.8
set,76,81,761,918,0.083,0.829
full,141,71,699,911,0.155,0.767
every,167,46,686,899,0.186,0.763
within,395,50,452,897,0.44,0.504
phone,201,97,594,892,0.225,0.666
everything,41,72,767,880,0.047,0.872
big,135,96,637,868,0.156,0.734
gud,48,87,727,862,0.056,0.843
buying,157,42,654,853,0.184,0.767
done,123,63,664,850,0.145,0.781
fan,185,85,578,848,0.218,0.682
hot,188,87,558,833,0.226,0.67
brand,176,41,593,810,0.217,0.732
long,129,111,568,808,0.16,0.703
packaging,33,44,724,801,0.041,0.904
think,140,85,568,793,0.177,0.716
doesn,326,116,346,788,0.414,0.439
smart,51,50,679,780,0.065,0.871
nyc,11,46,721,778,0.014,0.927
mobile,190,83,502,775,0.245,0.648
display,114,87,567,768,0.148,0.738
hours,136,66,558,760,0.179,0.734
wonderful,3,10,742,755,0.004,0.983
osm,2,24,722,748,0.003,0.965
cheap,415,51,281,747,0.556,0.376
want,175,68,503,746,0.235,0.674
give,142,67,536,745,0.191,0.719
wow,7,22,715,744,0.009,0.961
heating,213,105,413,731,0.291,0.565
shown,126,83,518,727,0.173,0.713
build,56,74,589,719,0.078,0.819
okay,95,312,311,718,0.132,0.433
cloth,271,114,324,709,0.382,0.457
fantastic,4,13,692,709,0.006,0.976
cycle,71,48,589,708,0.1,0.832
plastic,252,133,319,704,0.358,0.453
made,147,57,496,700,0.21,0.709
cost,114,72,513,699,0.163,0.734
ever,312,17,366,695,0.449,0.527
backup,97,72,525,694,0.14,0.756
charging,195,84,414,693,0.281,0.597
recommended,114,27,551,692,0.165,0.796
device,153,58,478,689,0.222,0.694
dont,462,51,172,685,0.674,0.251
flipcart,69,19,596,684,0.101,0.871
noise,178,93,411,682,0.261,0.603
totally,302,21,357,680,0.444,0.525
two,236,68,372,676,0.349,0.55
wifi,221,68,386,675,0.327,0.572
otherwise,71,135,468,674,0.105,0.694
smooth,21,39,612,672,0.031,0.911
enough,80,97,489,666,0.12,0.734
person,107,69,490,666,0.161,0.736
box,138,75,451,664,0.208,0.679
support,190,67,407,664,0.286,0.613
soft,34,47,580,661,0.051,0.877
make,121,67,471,659,0.184,0.715
many,182,61,414,657,0.277,0.63
google,94,69,485,648,0.145,0.748
deal,18,21,608,647,0.028,0.94
available,135,60,451,646,0.209,0.698
table,113,71,462,646,0.175,0.715
clean,57,59,526,642,0.089,0.819
hard,163,75,395,633,0.258,0.624
fabric,146,94,390,630,0.232,0.619
air,146,65,419,630,0.232,0.665
liked,10,30,590,630,0.016,0.937
free,70,40,512,622,0.113,0.823
heavy,108,67,443,618,0.175,0.717
fit,147,63,408,618,0.238,0.66
features,44,51,522,617,0.071,0.846
purchased,149,36,430,615,0.242,0.699
lot,152,59,404,615,0.247,0.657
return,509,41,58,608,0.837,0.095
wash,225,68,314,607,0.371,0.517
company,173,51,379,603,0.287,0.629
customer,248,36,318,602,0.412,0.528
star,103,89,409,601,0.171,0.681
quite,31,83,487,601,0.052,0.81
still,138,58,400,596,0.232,0.671
broken,403,99,94,596,0.676,0.158
last,119,37,437,593,0.201,0.737
usage,110,49,433,592,0.186,0.731
week,224,43,323,590,0.38,0.547
color,148,72,370,590,0.251,0.627
per,95,82,412,589,0.161,0.699
remote,199,67,323,589,0.338,0.548
ball,99,58,427,584,0.17,0.731
condition,94,47,442,583,0.161,0.758
see,82,67,433,582,0.141,0.744
cooler,73,49,457,579,0.126,0.789
charger,142,34,399,575,0.247,0.694
router,114,41,418,573,0.199,0.729
disappointed,385,69,118,572,0.673,0.206
job,18,29,524,571,0.032,0.918
normal,121,96,348,565,0.214,0.616
feel,79,45,439,563,0.14,0.78
family,26,17,519,562,0.046,0.923
demo,77,56,428,561,0.137,0.763
market,33,37,490,560,0.059,0.875
strong,59,68,431,558,0.106,0.772
say,59,48,451,558,0.106,0.808
side,188,101,269,558,0.337,0.482
keep,88,71,398,557,0.158,0.715
fully,60,24,471,555,0.108,0.849
heat,166,95,294,555,0.299,0.53
connectivity,96,52,405,553,0.174,0.732
take,159,59,335,553,0.288,0.606
speaker,107,56,388,551,0.194,0.704
cool,25,32,487,544,0.046,0.895
back,175,59,310,544,0.322,0.57
new,109,32,395,536,0.203,0.737
given,122,66,347,535,0.228,0.649
never,294,29,208,531,0.554,0.392
original,34,25,469,528,0.064,0.888
fitting,133,57,336,526,0.253,0.639
didn,223,73,230,526,0.424,0.437
highly,30,4,488,522,0.057,0.935
always,100,25,397,522,0.192,0.761
since,74,30,417,521,0.142,0.8
damaged,360,60,100,520,0.692,0.192
issues,118,50,352,520,0.227,0.677
year,125,46,340,511,0.245,0.665
getting,192,69,249,510,0.376,0.488
damage,252,46,211,509,0.495,0.415
cooling,57,50,398,505,0.113,0.788
easily,54,46,405,505,0.107,0.802
seeds,131,49,325,505,0.259,0.644
room,42,58,403,503,0.083,0.801
came,141,52,308,501,0.281,0.615
slow,233,105,161,499,0.467,0.323
worthy,82,19,397,498,0.165,0.797
perfectly,15,20,463,498,0.03,0.93
skin,82,32,382,496,0.165,0.77
bed,293,57,144,494,0.593,0.291
times,251,56,187,494,0.508,0.379
decent,17,53,422,492,0.035,0.858
far,34,33,423,490,0.069,0.863
motor,200,65,223,488,0.41,0.457
giving,122,40,326,488,0.25,0.668
pretty,17,18,446,481,0.035,0.927
till,74,36,370,480,0.154,0.771
washing,100,58,321,479,0.209,0.67
rate,53,56,367,476,0.111,0.771
type,122,82,272,476,0.256,0.571
screen,108,66,301,475,0.227,0.634
space,56,38,380,474,0.118,0.802
hair,11,11,447,469,0.023,0.953
samsung,59,26,384,469,0.126,0.819
ordered,112,32,324,468,0.239,0.692
juicer,63,44,360,467,0.135,0.771
order,133,34,299,466,0.285,0.642
care,152,30,282,464,0.328,0.608
thin,191,123,149,463,0.413,0.322
reasonable,5,17,441,463,0.011,0.952
body,117,62,281,460,0.254,0.611
years,76,30,353,459,0.166,0.769
top,61,52,346,459,0.133,0.754
seller,152,13,290,455,0.334,0.637
quick,17,28,409,454,0.037,0.901
led,58,32,363,453,0.128,0.801
oil,20,14,418,452,0.044,0.925
connect,125,41,286,452,0.277,0.633
comes,75,41,336,452,0.166,0.743
gaming,8,21,420,449,0.018,0.935
things,61,54,331,446,0.137,0.742
know,122,62,261,445,0.274,0.587
cleaning,50,33,360,443,0.113,0.813
boy,20,25,397,442,0.045,0.898
people,84,27,331,442,0.19,0.749
option,111,53,278,442,0.251,0.629
compared,48,67,321,436,0.11,0.736
mind,9,19,403,431,0.021,0.935
plates,106,117,207,430,0.247,0.481
around,50,35,344,429,0.117,0.802
plate,125,101,199,425,0.294,0.468
old,133,68,222,423,0.314,0.525
life,75,23,324,422,0.178,0.768
mixer,134,34,254,422,0.318,0.602
dinner,27,53,337,417,0.065,0.808
affordable,5,7,405,417,0.012,0.971
almost,48,34,333,415,0.116,0.802
according,56,69,289,414,0.135,0.698
proper,160,48,204,412,0.388,0.495
gives,39,30,341,410,0.095,0.832
though,62,41,306,409,0.152,0.748
cotton,77,54,275,406,0.19,0.677
handle,79,60,266,405,0.195,0.657
provided,82,45,277,404,0.203,0.686
simply,39,17,348,404,0.097,0.861
come,112,47,244,403,0.278,0.605
charge,113,52,236,401,0.282,0.589
mark,146,113,142,401,0.364,0.354
purpose,27,52,320,399,0.068,0.802
takes,86,61,252,399,0.216,0.632
bluetooth,86,48,263,397,0.217,0.662
football,43,20,330,393,0.109,0.84
guys,74,17,297,388,0.191,0.765
play,58,37,293,388,0.149,0.755
install,49,40,299,388,0.126,0.771
class,149,13,226,388,0.384,0.582
wise,53,54,281,388,0.137,0.724
team,65,27,295,387,0.168,0.762
card,62,37,286,385,0.161,0.743
makes,63,36,285,384,0.164,0.742
level,38,38,304,380,0.1,0.8
point,31,36,313,380,0.082,0.824
installed,67,22,289,378,0.177,0.765
extra,53,46,278,377,0.141,0.737
warranty,160,31,186,377,0.424,0.493
cable,70,49,258,377,0.186,0.684
built,45,30,299,374,0.12,0.799
upto,83,71,220,374,0.222,0.588
apple,15,5,354,374,0.04,0.947
stopped,328,16,29,373,0.879,0.078
jar,156,59,157,372,0.419,0.422
date,54,20,297,371,0.146,0.801
suitable,88,49,230,367,0.24,0.627
grinder,112,27,227,366,0.306,0.62
sturdy,20,37,309,366,0.055,0.844
helpful,12,14,338,364,0.033,0.929
minutes,90,39,233,362,0.249,0.644
model,67,35,260,362,0.185,0.718
writing,57,26,279,362,0.157,0.771
bajaj,79,37,246,362,0.218,0.68
may,63,53,244,360,0.175,0.678
mbps,56,20,283,359,0.156,0.788
hrs,67,34,253,354,0.189,0.715
next,38,25,290,353,0.108,0.822
coming,175,43,134,352,0.497,0.381
way,66,28,257,351,0.188,0.732
friendly,17,18,315,350,0.049,0.9
video,62,40,248,350,0.177,0.709
android,15,29,305,349,0.043,0.874
second,85,14,249,348,0.244,0.716
clear,32,16,300,348,0.092,0.862
gets,109,54,184,347,0.314,0.53
wall,64,35,244,343,0.187,0.711
part,85,32,225,342,0.249,0.658
app,70,36,236,342,0.205,0.69
pure,41,38,262,341,0.12,0.768
food,56,36,248,340,0.165,0.729
inside,124,50,166,340,0.365,0.488
found,67,33,238,338,0.198,0.704
daily,19,18,298,335,0.057,0.89
expect,65,58,212,335,0.194,0.633
doubt,13,11,310,334,0.039,0.928
another,94,44,196,334,0.281,0.587
connection,77,42,215,334,0.231,0.644
premium,11,18,304,333,0.033,0.913
short,102,77,154,333,0.306,0.462
usb,41,37,255,333,0.123,0.766
genuine,14,8,309,331,0.042,0.934
assemble,56,28,247,331,0.169,0.746
update,38,26,267,331,0.115,0.807
verry,72,19,239,330,0.218,0.724
due,104,51,175,330,0.315,0.53
provide,77,28,223,328,0.235,0.68
replacement,185,35,108,328,0.564,0.329
blowing,3,7,318,328,0.009,0.97
fabulous,2,6,318,326,0.006,0.975
single,104,19,202,325,0.32,0.622
stand,68,64,193,325,0.209,0.594
smell,124,42,158,324,0.383,0.488
etc,43,25,255,323,0.133,0.789
suggest,99,28,194,321,0.308,0.604
keyboard,36,21,262,319,0.113,0.821
lovely,0,6,313,319,0.0,0.981
finishing,75,44,198,317,0.237,0.625
try,72,33,211,316,0.228,0.668
simple,29,27,259,315,0.092,0.822
image,72,37,206,315,0.229,0.654
juice,27,29,256,312,0.087,0.821
utensils,28,28,255,311,0.09,0.82
beginners,3,6,301,310,0.01,0.971
running,91,36,180,307,0.296,0.586
capacity,33,37,237,307,0.107,0.772
mode,55,32,219,306,0.18,0.716
processor,37,24,244,305,0.121,0.8
choice,21,25,259,305,0.069,0.849
microwave,32,21,251,304,0.105,0.826
absolutely,25,11,268,304,0.082,0.882
making,107,26,170,303,0.353,0.561
ifb,13,19,271,303,0.043,0.894
iam,57,16,229,302,0.189,0.758
powerful,15,15,271,301,0.05,0.9
mentioned,109,31,161,301,0.362,0.535
able,90,35,175,300,0.3,0.583
bat,55,47,198,300,0.183,0.66
